request_id,timestamp,label,V1,V2,V3,V4,V5,V6,V7,V8,V9,V10,V11,V12,V13,V14,V15,V16,V17,V18,V19,V20,V21,V22,V23,V24,V25,V26,V27,V28,Amount
15a9924e-9fb3-4ac8-ad94-13f5fdb48597,2026-04-04T01:40:35Z,0,-1.3598071336738,-0.0727811733098497,2.53634673796914,1.37815522427443,-0.338320769942518,0.462387777762292,0.239598554061257,0.0986979012610507,0.363786969611213,0.0907941719789316,-0.551599533260813,-0.617800855762348,-0.991389847235408,-0.311169353699879,1.46817697209427,-0.470400525259478,0.207971241929242,0.0257905801985591,0.403992960255733,0.251412098239705,-0.018306777944153,0.277837575558899,-0.110473910188767,0.0669280749146731,0.128539358273528,-0.189114843888824,0.133558376740387,-0.0210530534538215,149.62
1535e0b9-3695-4e26-88c3-a7f7b6237c2a,2026-04-04T01:40:36Z,0,-1.35835406159823,-1.34016307473609,1.77320934263119,0.379779593034328,-0.503198133318193,1.80049938079263,0.791460956450422,0.247675786588991,-1.51465432260583,0.207642865216696,0.624501459424895,0.066083685268831,0.717292731410831,-0.165945922763554,2.34586494901581,-2.89008319444231,1.10996937869599,-0.121359313195888,-2.26185709530414,0.524979725224404,0.247998153469754,0.771679401917229,0.909412262347719,-0.689280956490685,-0.327641833735251,-0.139096571514147,-0.0553527940384261,-0.0597518405929204,378.66
dd7c009f-840d-45f5-934c-8171caafce33,2026-04-04T01:40:36Z,0,-0.966271711572087,-0.185226008082898,1.79299333957872,-0.863291275036453,-0.0103088796030823,1.24720316752486,0.23760893977178,0.377435874652262,-1.38702406270197,-0.0549519224713749,-0.226487263835401,0.178228225877303,0.507756869957169,-0.28792374549456,-0.631418117709045,-1.0596472454325,-0.684092786345479,1.96577500349538,-1.2326219700892,-0.208037781160366,-0.108300452035545,0.0052735967825345,-0.190320518742841,-1.17557533186321,0.647376034602038,-0.221928844458407,0.0627228487293033,0.0614576285006353,123.5
8713b396-c0fb-495d-b02b-c67042659b89,2026-04-04T01:40:37Z,0,-0.425965884412454,0.960523044882985,1.14110934232219,-0.168252079760302,0.42098688077219,-0.0297275516639742,0.476200948720027,0.260314333074874,-0.56867137571251,-0.371407196834471,1.34126198001957,0.359893837038039,-0.358090652573631,-0.137133700217612,0.517616806555742,0.401725895589603,-0.0581328233640131,0.0686531494425432,-0.0331937877876282,0.0849676720682049,-0.208253514656728,-0.559824796253248,-0.0263976679795373,-0.371426583174346,-0.232793816737034,0.105914779097957,0.253844224739337,0.0810802569229443,3.67
b01ebae6-fe85-4e78-89de-569bde6d4bda,2026-04-04T01:40:42Z,0,-0.752417042956605,0.345485415344747,2.05732291276727,-1.46864329840046,-1.1583936804082,-0.0778498291166733,-0.608581418236123,0.0036034843620184,-0.436166983515744,0.747730827192802,-0.793980602837221,-0.770406728847129,1.04762699748088,-1.06660368148653,1.10695345662141,1.66011355713381,-0.279265373246772,-0.419994141181313,0.432535348618175,0.263450864446125,0.499624954671111,1.35365048557231,-0.256573280448308,-0.0650837078816517,-0.0391243535426488,-0.0870864732146962,-0.180997500092721,0.129394059390202,15.99
1336ee7d-f78e-482a-86d2-2c583233f3ee,2026-04-04T01:40:43Z,0,-0.436905071360625,0.918966212909322,0.92459077438817,-0.727219053596792,0.915678718106307,-0.127867352079254,0.707641607333935,0.0879623554672504,-0.66527135413364,-0.737979823596458,0.32409781346169,0.277192107214981,0.252624256310781,-0.291896460370468,-0.184520169327133,1.14317370716197,-0.92870926272403,0.680469592634687,0.0254364616880793,-0.0470212823165035,-0.194795823794671,-0.672637997017793,-0.156857514491897,-0.888386320943716,-0.342413218776576,-0.049026728633951,0.0796923991551505,0.131023789452311,0.89
132acbbf-711a-4929-b801-ed56b828af1e,2026-04-04T01:40:37Z,0,-1.15823309349523,0.877736754848451,1.548717846511,0.403033933955121,-0.407193377311653,0.0959214624684256,0.592940745385545,-0.270532677192282,0.817739308235294,0.753074431976354,-0.822842877946363,0.53819555014995,1.3458515932154,-1.11966983471731,0.175121130008994,-0.451449182813529,-0.237033239362776,-0.0381947870352842,0.803486924960175,0.408542360392758,-0.0094306971323291,0.79827849458971,-0.137458079619063,0.141266983824769,-0.206009587619756,0.502292224181569,0.219422229513348,0.215153147499206,69.99
8d414277-f588-4c84-9b6b-5b6923c1464b,2026-04-04T01:40:38Z,0,-0.644269442348146,1.41796354547385,1.0743803763556,-0.492199018495015,0.948934094764157,0.428118462833089,1.12063135838353,-3.80786423873589,0.615374730667027,1.24937617815176,-0.619467796121913,0.291474353088705,1.75796421396042,-1.32386521970526,0.686132504394383,-0.0761269994382006,-1.2221273453247,-0.358221569869078,0.324504731321494,-0.156741852488285,1.94346533978412,-1.01545470979971,0.057503529867291,-0.649709005559993,-0.415266566234811,-0.0516342969262494,-1.20692108094258,-1.08533918832377,40.8
76ae0454-03b8-499d-9841-977c4db59959,2026-04-04T01:40:39Z,0,-0.89428608220282,0.286157196276544,-0.113192212729871,-0.271526130088604,2.6695986595986,3.72181806112751,0.370145127676916,0.851084443200905,-0.392047586798604,-0.410430432848439,-0.705116586646536,-0.110452261733098,-0.286253632470583,0.0743553603016731,-0.328783050303565,-0.210077268148783,-0.499767968800267,0.118764861004217,0.57032816746536,0.0527356691149697,-0.0734251001059225,-0.268091632235551,-0.204232669947878,1.0115918018785,0.373204680146282,-0.384157307702294,0.0117473564581996,0.14240432992147,93.2
8a4340d7-f15e-4ed2-aa34-72b0c22685d9,2026-04-04T01:40:44Z,0,1.4929359769862,-1.02934573189487,0.45479473374366,-1.43802587991702,-1.55543410136344,-0.720961147043557,-1.08066413038614,-0.0531271179483221,-1.9786815953872,1.63807603690446,1.07754241162743,-0.63204651464934,-0.41695716661602,0.0520105153724404,-0.0429789228232019,-0.166432496451972,0.304241418614353,0.554432499062278,0.0542295152184719,-0.387910172646258,-0.177649846438814,-0.175073809074822,0.0400022190621329,0.295813862676508,0.33293059939425,-0.220384850672322,0.0222984359135846,0.0076022555999789,5.0
da47b02e-fe80-48bb-8101-0753be02a0d5,2026-04-04T01:40:40Z,0,1.44904378114715,-1.17633882535966,0.913859832832795,-1.37566665499943,-1.97138316545323,-0.62915213889734,-1.4232356010359,0.0484558879088564,-1.72040839292037,1.62665905834133,1.1996439495421,-0.671439778462005,-0.513947152539479,-0.0950450453999549,0.230930409124119,0.0319674667862076,0.253414715863197,0.854343814324194,-0.221365413645481,-0.387226474431156,-0.0093018965249005,0.313894410791098,0.0277401580170247,0.500512287104917,0.25136735874921,-0.129477953726618,0.0428498709381461,0.0162532619375515,7.8
ddfa31dc-7f46-460c-9d45-494a628d92da,2026-04-04T01:40:41Z,0,1.249998742053,-1.22163680921816,0.383930151282291,-1.23489868766892,-1.48541947377961,-0.753230164566149,-0.689404975426345,-0.227487227519552,-2.09401057344842,1.32372927445937,0.227666231237246,-0.242681998944186,1.20541680770748,-0.317630527025074,0.725674990179153,-0.815612186027305,0.873936447614439,-0.847788598847099,-0.683192626267037,-0.102755941505071,-0.231809239223849,-0.483285330117712,0.0846676908596583,0.392830885335013,0.161134553588505,-0.354990039673962,0.0264155490776107,0.0424220887282304,121.5
22cb7170-8c17-41bb-97fe-6d159ad8cf25,2026-04-04T01:40:38Z,0,1.22965763450793,0.141003507049326,0.0453707735899449,1.20261273673594,0.191880988597645,0.272708122899098,-0.0051590028825098,0.0812129398830894,0.464959994783886,-0.0992543211289237,-1.41690724314928,-0.153825826253651,-0.75106271556262,0.16737196252175,0.0501435942254188,-0.443586797916727,0.002820512472347,-0.61198733994012,-0.0455750446637976,-0.21963255278686,-0.167716265815783,-0.270709726172363,-0.154103786809305,-0.780055415004671,0.75013693580659,-0.257236845917139,0.0345074297438413,0.0051677689062491,4.99
a4d8da8d-b3d5-4a63-8481-c71f85dc480d,2026-04-04T01:40:40Z,0,0.38497821518095,0.616109459176472,-0.874299702595052,-0.0940186259679115,2.92458437838817,3.31702716826156,0.470454671805879,0.53824722837695,-0.558894612428441,0.30975539423728,-0.259115563735702,-0.326143233995877,-0.0900467227020648,0.362832368569793,0.928903660629178,-0.129486811402759,-0.809978925963589,0.359985390219981,0.70766382644648,0.12599157561542,0.049923685888971,0.238421512225103,0.0091298686126286,0.996710209581086,-0.767314827174801,-0.492208295340017,0.042472441919027,-0.0543373883732122,9.99
c9ecd651-0bd5-4726-b6b2-466a42f2274e,2026-04-04T01:40:43Z,0,1.10321543528383,-0.0402962145973447,1.2673320885949,1.28909146962552,-0.735997163604068,0.288069162976262,-0.586056786337461,0.189379713679593,0.782332891785191,-0.267975066537173,-0.450311279515466,0.936707714991982,0.708380406186981,-0.468647287707221,0.354574063407955,-0.246634655717582,-0.0092123777270738,-0.595912405700819,-0.57568162226261,-0.113910176982092,-0.0246120063374677,0.196001952806192,0.0138016541409422,0.103758331023198,0.364297540595235,-0.382260574113217,0.092809187460487,0.0370505169810008,12.99
3598e41b-6f2e-4a5a-8155-ef9386db8cce,2026-04-04T01:40:44Z,0,-5.40125766315825,-5.45014783420644,1.18630463143652,1.73623880012095,3.04910587764025,-1.76340557365201,-1.55973769907953,0.160841747266769,1.23308974041888,0.345172827050629,0.917229867699146,0.970116716069048,-0.266567764915222,-0.479129929276704,-0.526608502569153,0.47200411177674,-0.725480944982201,0.075081351540202,-0.406866573198217,-2.19684802485647,-0.503600328973703,0.984459785590244,2.45858857639219,0.0421188969891572,-0.481630823956716,-0.621272013713977,0.392053289557744,0.949594245504846,46.8
1ca6fec5-81fa-4359-abbd-fa628c534b43,2026-04-04T01:40:35Z,0,1.19185711131486,0.26615071205963,0.16648011335321,0.448154078460911,0.0600176492822243,-0.0823608088155687,-0.0788029833323113,0.0851016549148104,-0.255425128109186,-0.166974414004614,1.61272666105479,1.06523531137287,0.48909501589608,-0.143772296441519,0.635558093258208,0.463917041022171,-0.114804663102346,-0.183361270123994,-0.145783041325259,-0.0690831352230203,-0.225775248033138,-0.638671952771851,0.101288021253234,-0.339846475529127,0.167170404418143,0.125894532368176,-0.0089830991432281,0.0147241691924927,2.69
f368a362-fc01-4d9e-a995-fc979157df1f,2026-04-04T01:40:39Z,0,-0.33826175242575,1.11959337641566,1.04436655157316,-0.222187276738296,0.49936080649727,-0.24676110061991,0.651583206489972,0.0695385865186387,-0.736727316364109,-0.366845639206541,1.01761446783262,0.836389570307029,1.00684351373408,-0.443522816876142,0.150219101422635,0.739452777052119,-0.540979921943059,0.47667726004282,0.451772964394125,0.203711454727929,-0.246913936910008,-0.633752642406113,-0.12079408408185,-0.385049925313426,-0.0697330460416923,0.0941988339514961,0.246219304619926,0.0830756493473326,3.68
d1cd3fbd-ec0a-4f55-ac7f-9b9ea879bb1f,2026-04-04T01:40:41Z,0,1.0693735878819,0.287722129331455,0.828612726634281,2.71252042961718,-0.178398016248009,0.337543730282968,-0.0967168617395962,0.115981735546597,-0.221082566236194,0.460230444301678,-0.773656930526689,0.32338724546722,-0.0110758870883779,-0.178485175177916,-0.65556427824926,-0.19992517131173,0.1240054151819,-0.980496201537345,-0.982916082135047,-0.153197231044512,-0.0368755317335273,0.0744124028162195,-0.0714074332998586,0.104743752596029,0.548264725394119,0.104094153162781,0.0214910583643189,0.021293311477486,27.5
e2bdc568-3687-42f5-be7f-25c0c1d4453b,2026-04-04T01:40:42Z,0,-2.7918547659339,-0.327770756658658,1.64175016056605,1.76747274389883,-0.136588446465306,0.80759646826532,-0.422911389711497,-1.90710747624096,0.755712908314791,1.1510869876677,0.844555470974377,0.7929439518176,0.370448092803246,-0.734975105820311,0.406795710431001,-0.303057623825763,-0.155868714793874,0.778265457041536,2.22186801373788,-1.58212204356551,1.15166304848789,0.222181966098225,1.02058620426601,0.0283166513238872,-0.232746324289105,-0.23555721754117,-0.16477751177654,-0.0301536365592253,58.8
5bb9ff33-53eb-496b-9f3a-74644123452e,2026-04-04T01:42:03Z,0,-1.3598071336738,-0.0727811733098497,2.53634673796914,1.37815522427443,-0.338320769942518,0.462387777762292,0.239598554061257,0.0986979012610507,0.363786969611213,0.0907941719789316,-0.551599533260813,-0.617800855762348,-0.991389847235408,-0.311169353699879,1.46817697209427,-0.470400525259478,0.207971241929242,0.0257905801985591,0.403992960255733,0.251412098239705,-0.018306777944153,0.277837575558899,-0.110473910188767,0.0669280749146731,0.128539358273528,-0.189114843888824,0.133558376740387,-0.0210530534538215,149.62
c9c0ecab-cc1e-43fb-8303-00d6ee7fa6df,2026-04-04T01:42:03Z,0,1.19185711131486,0.26615071205963,0.16648011335321,0.448154078460911,0.0600176492822243,-0.0823608088155687,-0.0788029833323113,0.0851016549148104,-0.255425128109186,-0.166974414004614,1.61272666105479,1.06523531137287,0.48909501589608,-0.143772296441519,0.635558093258208,0.463917041022171,-0.114804663102346,-0.183361270123994,-0.145783041325259,-0.0690831352230203,-0.225775248033138,-0.638671952771851,0.101288021253234,-0.339846475529127,0.167170404418143,0.125894532368176,-0.0089830991432281,0.0147241691924927,2.69
1536cea7-3932-456b-b130-b5c017df1f2e,2026-04-04T01:42:04Z,0,-1.35835406159823,-1.34016307473609,1.77320934263119,0.379779593034328,-0.503198133318193,1.80049938079263,0.791460956450422,0.247675786588991,-1.51465432260583,0.207642865216696,0.624501459424895,0.066083685268831,0.717292731410831,-0.165945922763554,2.34586494901581,-2.89008319444231,1.10996937869599,-0.121359313195888,-2.26185709530414,0.524979725224404,0.247998153469754,0.771679401917229,0.909412262347719,-0.689280956490685,-0.327641833735251,-0.139096571514147,-0.0553527940384261,-0.0597518405929204,378.66
dcf22a59-2e52-4212-93b6-9c1c7095e2eb,2026-04-04T01:42:04Z,0,-0.966271711572087,-0.185226008082898,1.79299333957872,-0.863291275036453,-0.0103088796030823,1.24720316752486,0.23760893977178,0.377435874652262,-1.38702406270197,-0.0549519224713749,-0.226487263835401,0.178228225877303,0.507756869957169,-0.28792374549456,-0.631418117709045,-1.0596472454325,-0.684092786345479,1.96577500349538,-1.2326219700892,-0.208037781160366,-0.108300452035545,0.0052735967825345,-0.190320518742841,-1.17557533186321,0.647376034602038,-0.221928844458407,0.0627228487293033,0.0614576285006353,123.5
5aa4c84f-ef9e-4c2e-8ebc-1362a67bdfe7,2026-04-04T01:42:05Z,0,-1.15823309349523,0.877736754848451,1.548717846511,0.403033933955121,-0.407193377311653,0.0959214624684256,0.592940745385545,-0.270532677192282,0.817739308235294,0.753074431976354,-0.822842877946363,0.53819555014995,1.3458515932154,-1.11966983471731,0.175121130008994,-0.451449182813529,-0.237033239362776,-0.0381947870352842,0.803486924960175,0.408542360392758,-0.0094306971323291,0.79827849458971,-0.137458079619063,0.141266983824769,-0.206009587619756,0.502292224181569,0.219422229513348,0.215153147499206,69.99
1852b0e8-164c-4b17-9d93-d09209ad6b21,2026-04-04T01:42:05Z,0,-0.425965884412454,0.960523044882985,1.14110934232219,-0.168252079760302,0.42098688077219,-0.0297275516639742,0.476200948720027,0.260314333074874,-0.56867137571251,-0.371407196834471,1.34126198001957,0.359893837038039,-0.358090652573631,-0.137133700217612,0.517616806555742,0.401725895589603,-0.0581328233640131,0.0686531494425432,-0.0331937877876282,0.0849676720682049,-0.208253514656728,-0.559824796253248,-0.0263976679795373,-0.371426583174346,-0.232793816737034,0.105914779097957,0.253844224739337,0.0810802569229443,3.67
e10d62fa-9584-45c8-9383-eefb171684b9,2026-04-04T01:42:06Z,0,1.22965763450793,0.141003507049326,0.0453707735899449,1.20261273673594,0.191880988597645,0.272708122899098,-0.0051590028825098,0.0812129398830894,0.464959994783886,-0.0992543211289237,-1.41690724314928,-0.153825826253651,-0.75106271556262,0.16737196252175,0.0501435942254188,-0.443586797916727,0.002820512472347,-0.61198733994012,-0.0455750446637976,-0.21963255278686,-0.167716265815783,-0.270709726172363,-0.154103786809305,-0.780055415004671,0.75013693580659,-0.257236845917139,0.0345074297438413,0.0051677689062491,4.99
37bdc1a5-71c1-478f-a5ec-e0895ef00d25,2026-04-04T01:42:07Z,0,-0.89428608220282,0.286157196276544,-0.113192212729871,-0.271526130088604,2.6695986595986,3.72181806112751,0.370145127676916,0.851084443200905,-0.392047586798604,-0.410430432848439,-0.705116586646536,-0.110452261733098,-0.286253632470583,0.0743553603016731,-0.328783050303565,-0.210077268148783,-0.499767968800267,0.118764861004217,0.57032816746536,0.0527356691149697,-0.0734251001059225,-0.268091632235551,-0.204232669947878,1.0115918018785,0.373204680146282,-0.384157307702294,0.0117473564581996,0.14240432992147,93.2
6ae138fc-48a3-4b17-ad31-19d13245efbb,2026-04-04T01:42:06Z,0,-0.644269442348146,1.41796354547385,1.0743803763556,-0.492199018495015,0.948934094764157,0.428118462833089,1.12063135838353,-3.80786423873589,0.615374730667027,1.24937617815176,-0.619467796121913,0.291474353088705,1.75796421396042,-1.32386521970526,0.686132504394383,-0.0761269994382006,-1.2221273453247,-0.358221569869078,0.324504731321494,-0.156741852488285,1.94346533978412,-1.01545470979971,0.057503529867291,-0.649709005559993,-0.415266566234811,-0.0516342969262494,-1.20692108094258,-1.08533918832377,40.8
e025c4ce-48f3-4bf5-bd3f-6c97877ef494,2026-04-04T01:42:07Z,0,-0.33826175242575,1.11959337641566,1.04436655157316,-0.222187276738296,0.49936080649727,-0.24676110061991,0.651583206489972,0.0695385865186387,-0.736727316364109,-0.366845639206541,1.01761446783262,0.836389570307029,1.00684351373408,-0.443522816876142,0.150219101422635,0.739452777052119,-0.540979921943059,0.47667726004282,0.451772964394125,0.203711454727929,-0.246913936910008,-0.633752642406113,-0.12079408408185,-0.385049925313426,-0.0697330460416923,0.0941988339514961,0.246219304619926,0.0830756493473326,3.68
4e3dd21a-3a40-4eff-916f-ddb74b3e11c6,2026-04-04T01:42:08Z,0,1.44904378114715,-1.17633882535966,0.913859832832795,-1.37566665499943,-1.97138316545323,-0.62915213889734,-1.4232356010359,0.0484558879088564,-1.72040839292037,1.62665905834133,1.1996439495421,-0.671439778462005,-0.513947152539479,-0.0950450453999549,0.230930409124119,0.0319674667862076,0.253414715863197,0.854343814324194,-0.221365413645481,-0.387226474431156,-0.0093018965249005,0.313894410791098,0.0277401580170247,0.500512287104917,0.25136735874921,-0.129477953726618,0.0428498709381461,0.0162532619375515,7.8
3072bf2f-e286-4c81-bd20-762a4a09432f,2026-04-04T01:42:08Z,0,0.38497821518095,0.616109459176472,-0.874299702595052,-0.0940186259679115,2.92458437838817,3.31702716826156,0.470454671805879,0.53824722837695,-0.558894612428441,0.30975539423728,-0.259115563735702,-0.326143233995877,-0.0900467227020648,0.362832368569793,0.928903660629178,-0.129486811402759,-0.809978925963589,0.359985390219981,0.70766382644648,0.12599157561542,0.049923685888971,0.238421512225103,0.0091298686126286,0.996710209581086,-0.767314827174801,-0.492208295340017,0.042472441919027,-0.0543373883732122,9.99
dcf31009-2ff1-4e6f-8346-e235f1188158,2026-04-04T01:42:09Z,0,1.249998742053,-1.22163680921816,0.383930151282291,-1.23489868766892,-1.48541947377961,-0.753230164566149,-0.689404975426345,-0.227487227519552,-2.09401057344842,1.32372927445937,0.227666231237246,-0.242681998944186,1.20541680770748,-0.317630527025074,0.725674990179153,-0.815612186027305,0.873936447614439,-0.847788598847099,-0.683192626267037,-0.102755941505071,-0.231809239223849,-0.483285330117712,0.0846676908596583,0.392830885335013,0.161134553588505,-0.354990039673962,0.0264155490776107,0.0424220887282304,121.5
df431534-e19a-446b-a373-fa08c13e7a19,2026-04-04T01:42:09Z,0,1.0693735878819,0.287722129331455,0.828612726634281,2.71252042961718,-0.178398016248009,0.337543730282968,-0.0967168617395962,0.115981735546597,-0.221082566236194,0.460230444301678,-0.773656930526689,0.32338724546722,-0.0110758870883779,-0.178485175177916,-0.65556427824926,-0.19992517131173,0.1240054151819,-0.980496201537345,-0.982916082135047,-0.153197231044512,-0.0368755317335273,0.0744124028162195,-0.0714074332998586,0.104743752596029,0.548264725394119,0.104094153162781,0.0214910583643189,0.021293311477486,27.5
f4c92dd3-cc7e-4034-b00a-fb7887a0ecf0,2026-04-04T01:42:10Z,0,-2.7918547659339,-0.327770756658658,1.64175016056605,1.76747274389883,-0.136588446465306,0.80759646826532,-0.422911389711497,-1.90710747624096,0.755712908314791,1.1510869876677,0.844555470974377,0.7929439518176,0.370448092803246,-0.734975105820311,0.406795710431001,-0.303057623825763,-0.155868714793874,0.778265457041536,2.22186801373788,-1.58212204356551,1.15166304848789,0.222181966098225,1.02058620426601,0.0283166513238872,-0.232746324289105,-0.23555721754117,-0.16477751177654,-0.0301536365592253,58.8
8d2baa37-5d12-403e-8057-1f66fc4bc125,2026-04-04T01:42:10Z,0,-0.752417042956605,0.345485415344747,2.05732291276727,-1.46864329840046,-1.1583936804082,-0.0778498291166733,-0.608581418236123,0.0036034843620184,-0.436166983515744,0.747730827192802,-0.793980602837221,-0.770406728847129,1.04762699748088,-1.06660368148653,1.10695345662141,1.66011355713381,-0.279265373246772,-0.419994141181313,0.432535348618175,0.263450864446125,0.499624954671111,1.35365048557231,-0.256573280448308,-0.0650837078816517,-0.0391243535426488,-0.0870864732146962,-0.180997500092721,0.129394059390202,15.99
258775e0-4bf9-4249-8410-947bcffb14c8,2026-04-04T01:42:11Z,0,1.10321543528383,-0.0402962145973447,1.2673320885949,1.28909146962552,-0.735997163604068,0.288069162976262,-0.586056786337461,0.189379713679593,0.782332891785191,-0.267975066537173,-0.450311279515466,0.936707714991982,0.708380406186981,-0.468647287707221,0.354574063407955,-0.246634655717582,-0.0092123777270738,-0.595912405700819,-0.57568162226261,-0.113910176982092,-0.0246120063374677,0.196001952806192,0.0138016541409422,0.103758331023198,0.364297540595235,-0.382260574113217,0.092809187460487,0.0370505169810008,12.99
2826645f-39ed-4db8-b3ad-8ddfb37b6639,2026-04-04T01:42:11Z,0,-0.436905071360625,0.918966212909322,0.92459077438817,-0.727219053596792,0.915678718106307,-0.127867352079254,0.707641607333935,0.0879623554672504,-0.66527135413364,-0.737979823596458,0.32409781346169,0.277192107214981,0.252624256310781,-0.291896460370468,-0.184520169327133,1.14317370716197,-0.92870926272403,0.680469592634687,0.0254364616880793,-0.0470212823165035,-0.194795823794671,-0.672637997017793,-0.156857514491897,-0.888386320943716,-0.342413218776576,-0.049026728633951,0.0796923991551505,0.131023789452311,0.89
aad05121-7971-4af4-8395-ca1ea628b47f,2026-04-04T01:42:12Z,0,-5.40125766315825,-5.45014783420644,1.18630463143652,1.73623880012095,3.04910587764025,-1.76340557365201,-1.55973769907953,0.160841747266769,1.23308974041888,0.345172827050629,0.917229867699146,0.970116716069048,-0.266567764915222,-0.479129929276704,-0.526608502569153,0.47200411177674,-0.725480944982201,0.075081351540202,-0.406866573198217,-2.19684802485647,-0.503600328973703,0.984459785590244,2.45858857639219,0.0421188969891572,-0.481630823956716,-0.621272013713977,0.392053289557744,0.949594245504846,46.8
ad707cbb-fb97-40ae-9d6a-0613196b6578,2026-04-04T01:42:12Z,0,1.4929359769862,-1.02934573189487,0.45479473374366,-1.43802587991702,-1.55543410136344,-0.720961147043557,-1.08066413038614,-0.0531271179483221,-1.9786815953872,1.63807603690446,1.07754241162743,-0.63204651464934,-0.41695716661602,0.0520105153724404,-0.0429789228232019,-0.166432496451972,0.304241418614353,0.554432499062278,0.0542295152184719,-0.387910172646258,-0.177649846438814,-0.175073809074822,0.0400022190621329,0.295813862676508,0.33293059939425,-0.220384850672322,0.0222984359135846,0.0076022555999789,5.0
26fff063-df7e-44d1-8628-b471cba0b0bb,2026-04-04T01:55:04Z,0,-1.3598071336738,-0.0727811733098497,2.53634673796914,1.37815522427443,-0.338320769942518,0.462387777762292,0.239598554061257,0.0986979012610507,0.363786969611213,0.0907941719789316,-0.551599533260813,-0.617800855762348,-0.991389847235408,-0.311169353699879,1.46817697209427,-0.470400525259478,0.207971241929242,0.0257905801985591,0.403992960255733,0.251412098239705,-0.018306777944153,0.277837575558899,-0.110473910188767,0.0669280749146731,0.128539358273528,-0.189114843888824,0.133558376740387,-0.0210530534538215,149.62
5b687ffe-1771-45b6-b9fa-9f21164032bf,2026-04-04T01:55:05Z,0,-1.35835406159823,-1.34016307473609,1.77320934263119,0.379779593034328,-0.503198133318193,1.80049938079263,0.791460956450422,0.247675786588991,-1.51465432260583,0.207642865216696,0.624501459424895,0.066083685268831,0.717292731410831,-0.165945922763554,2.34586494901581,-2.89008319444231,1.10996937869599,-0.121359313195888,-2.26185709530414,0.524979725224404,0.247998153469754,0.771679401917229,0.909412262347719,-0.689280956490685,-0.327641833735251,-0.139096571514147,-0.0553527940384261,-0.0597518405929204,378.66
32476d87-2cea-4497-a89e-1d45ef86f7a6,2026-04-04T01:55:05Z,0,-0.966271711572087,-0.185226008082898,1.79299333957872,-0.863291275036453,-0.0103088796030823,1.24720316752486,0.23760893977178,0.377435874652262,-1.38702406270197,-0.0549519224713749,-0.226487263835401,0.178228225877303,0.507756869957169,-0.28792374549456,-0.631418117709045,-1.0596472454325,-0.684092786345479,1.96577500349538,-1.2326219700892,-0.208037781160366,-0.108300452035545,0.0052735967825345,-0.190320518742841,-1.17557533186321,0.647376034602038,-0.221928844458407,0.0627228487293033,0.0614576285006353,123.5
9fbfe81e-efef-43e4-ad35-3587a50b1ef6,2026-04-04T01:55:04Z,0,1.19185711131486,0.26615071205963,0.16648011335321,0.448154078460911,0.0600176492822243,-0.0823608088155687,-0.0788029833323113,0.0851016549148104,-0.255425128109186,-0.166974414004614,1.61272666105479,1.06523531137287,0.48909501589608,-0.143772296441519,0.635558093258208,0.463917041022171,-0.114804663102346,-0.183361270123994,-0.145783041325259,-0.0690831352230203,-0.225775248033138,-0.638671952771851,0.101288021253234,-0.339846475529127,0.167170404418143,0.125894532368176,-0.0089830991432281,0.0147241691924927,2.69
79b507d9-8972-4a30-86ef-5caa4213d7e7,2026-04-04T01:55:06Z,0,-1.15823309349523,0.877736754848451,1.548717846511,0.403033933955121,-0.407193377311653,0.0959214624684256,0.592940745385545,-0.270532677192282,0.817739308235294,0.753074431976354,-0.822842877946363,0.53819555014995,1.3458515932154,-1.11966983471731,0.175121130008994,-0.451449182813529,-0.237033239362776,-0.0381947870352842,0.803486924960175,0.408542360392758,-0.0094306971323291,0.79827849458971,-0.137458079619063,0.141266983824769,-0.206009587619756,0.502292224181569,0.219422229513348,0.215153147499206,69.99
af883b07-a95d-47e5-b92e-a711ccb64dbe,2026-04-04T01:55:06Z,0,-0.425965884412454,0.960523044882985,1.14110934232219,-0.168252079760302,0.42098688077219,-0.0297275516639742,0.476200948720027,0.260314333074874,-0.56867137571251,-0.371407196834471,1.34126198001957,0.359893837038039,-0.358090652573631,-0.137133700217612,0.517616806555742,0.401725895589603,-0.0581328233640131,0.0686531494425432,-0.0331937877876282,0.0849676720682049,-0.208253514656728,-0.559824796253248,-0.0263976679795373,-0.371426583174346,-0.232793816737034,0.105914779097957,0.253844224739337,0.0810802569229443,3.67
3e49a119-8e7c-4f66-9229-b0d29475c001,2026-04-04T01:55:07Z,0,1.22965763450793,0.141003507049326,0.0453707735899449,1.20261273673594,0.191880988597645,0.272708122899098,-0.0051590028825098,0.0812129398830894,0.464959994783886,-0.0992543211289237,-1.41690724314928,-0.153825826253651,-0.75106271556262,0.16737196252175,0.0501435942254188,-0.443586797916727,0.002820512472347,-0.61198733994012,-0.0455750446637976,-0.21963255278686,-0.167716265815783,-0.270709726172363,-0.154103786809305,-0.780055415004671,0.75013693580659,-0.257236845917139,0.0345074297438413,0.0051677689062491,4.99
d268ffec-eaf5-402f-b45e-13a54432f4e3,2026-04-04T01:55:07Z,0,-0.644269442348146,1.41796354547385,1.0743803763556,-0.492199018495015,0.948934094764157,0.428118462833089,1.12063135838353,-3.80786423873589,0.615374730667027,1.24937617815176,-0.619467796121913,0.291474353088705,1.75796421396042,-1.32386521970526,0.686132504394383,-0.0761269994382006,-1.2221273453247,-0.358221569869078,0.324504731321494,-0.156741852488285,1.94346533978412,-1.01545470979971,0.057503529867291,-0.649709005559993,-0.415266566234811,-0.0516342969262494,-1.20692108094258,-1.08533918832377,40.8
d46bdc9e-54f6-4086-8144-3b83f85142fc,2026-04-04T01:55:08Z,0,-0.33826175242575,1.11959337641566,1.04436655157316,-0.222187276738296,0.49936080649727,-0.24676110061991,0.651583206489972,0.0695385865186387,-0.736727316364109,-0.366845639206541,1.01761446783262,0.836389570307029,1.00684351373408,-0.443522816876142,0.150219101422635,0.739452777052119,-0.540979921943059,0.47667726004282,0.451772964394125,0.203711454727929,-0.246913936910008,-0.633752642406113,-0.12079408408185,-0.385049925313426,-0.0697330460416923,0.0941988339514961,0.246219304619926,0.0830756493473326,3.68
7ed5fbc8-134a-4a56-9c5d-99bc0c07f441,2026-04-04T01:55:09Z,0,1.44904378114715,-1.17633882535966,0.913859832832795,-1.37566665499943,-1.97138316545323,-0.62915213889734,-1.4232356010359,0.0484558879088564,-1.72040839292037,1.62665905834133,1.1996439495421,-0.671439778462005,-0.513947152539479,-0.0950450453999549,0.230930409124119,0.0319674667862076,0.253414715863197,0.854343814324194,-0.221365413645481,-0.387226474431156,-0.0093018965249005,0.313894410791098,0.0277401580170247,0.500512287104917,0.25136735874921,-0.129477953726618,0.0428498709381461,0.0162532619375515,7.8
f8096f50-8611-4c4c-b386-ff910d1992c1,2026-04-04T01:55:09Z,0,0.38497821518095,0.616109459176472,-0.874299702595052,-0.0940186259679115,2.92458437838817,3.31702716826156,0.470454671805879,0.53824722837695,-0.558894612428441,0.30975539423728,-0.259115563735702,-0.326143233995877,-0.0900467227020648,0.362832368569793,0.928903660629178,-0.129486811402759,-0.809978925963589,0.359985390219981,0.70766382644648,0.12599157561542,0.049923685888971,0.238421512225103,0.0091298686126286,0.996710209581086,-0.767314827174801,-0.492208295340017,0.042472441919027,-0.0543373883732122,9.99
27ef1392-9666-456b-9584-c11aaae58670,2026-04-04T01:55:10Z,0,1.0693735878819,0.287722129331455,0.828612726634281,2.71252042961718,-0.178398016248009,0.337543730282968,-0.0967168617395962,0.115981735546597,-0.221082566236194,0.460230444301678,-0.773656930526689,0.32338724546722,-0.0110758870883779,-0.178485175177916,-0.65556427824926,-0.19992517131173,0.1240054151819,-0.980496201537345,-0.982916082135047,-0.153197231044512,-0.0368755317335273,0.0744124028162195,-0.0714074332998586,0.104743752596029,0.548264725394119,0.104094153162781,0.0214910583643189,0.021293311477486,27.5
a4f59eae-3fdc-43c1-91d2-2bba9b35bb4b,2026-04-04T01:55:11Z,0,-0.752417042956605,0.345485415344747,2.05732291276727,-1.46864329840046,-1.1583936804082,-0.0778498291166733,-0.608581418236123,0.0036034843620184,-0.436166983515744,0.747730827192802,-0.793980602837221,-0.770406728847129,1.04762699748088,-1.06660368148653,1.10695345662141,1.66011355713381,-0.279265373246772,-0.419994141181313,0.432535348618175,0.263450864446125,0.499624954671111,1.35365048557231,-0.256573280448308,-0.0650837078816517,-0.0391243535426488,-0.0870864732146962,-0.180997500092721,0.129394059390202,15.99
576c7c28-8eea-4792-b9eb-162323842a8d,2026-04-04T01:55:13Z,0,-5.40125766315825,-5.45014783420644,1.18630463143652,1.73623880012095,3.04910587764025,-1.76340557365201,-1.55973769907953,0.160841747266769,1.23308974041888,0.345172827050629,0.917229867699146,0.970116716069048,-0.266567764915222,-0.479129929276704,-0.526608502569153,0.47200411177674,-0.725480944982201,0.075081351540202,-0.406866573198217,-2.19684802485647,-0.503600328973703,0.984459785590244,2.45858857639219,0.0421188969891572,-0.481630823956716,-0.621272013713977,0.392053289557744,0.949594245504846,46.8
fd5022b9-7f3e-4d5b-b301-1b7821280102,2026-04-04T01:55:13Z,0,1.4929359769862,-1.02934573189487,0.45479473374366,-1.43802587991702,-1.55543410136344,-0.720961147043557,-1.08066413038614,-0.0531271179483221,-1.9786815953872,1.63807603690446,1.07754241162743,-0.63204651464934,-0.41695716661602,0.0520105153724404,-0.0429789228232019,-0.166432496451972,0.304241418614353,0.554432499062278,0.0542295152184719,-0.387910172646258,-0.177649846438814,-0.175073809074822,0.0400022190621329,0.295813862676508,0.33293059939425,-0.220384850672322,0.0222984359135846,0.0076022555999789,5.0
b8e145a6-4a13-4ee0-b66e-9e9c9507f727,2026-04-04T01:55:08Z,0,-0.89428608220282,0.286157196276544,-0.113192212729871,-0.271526130088604,2.6695986595986,3.72181806112751,0.370145127676916,0.851084443200905,-0.392047586798604,-0.410430432848439,-0.705116586646536,-0.110452261733098,-0.286253632470583,0.0743553603016731,-0.328783050303565,-0.210077268148783,-0.499767968800267,0.118764861004217,0.57032816746536,0.0527356691149697,-0.0734251001059225,-0.268091632235551,-0.204232669947878,1.0115918018785,0.373204680146282,-0.384157307702294,0.0117473564581996,0.14240432992147,93.2
56187f1f-1b4e-4427-8484-5372cfbc2a4a,2026-04-04T01:55:11Z,0,-2.7918547659339,-0.327770756658658,1.64175016056605,1.76747274389883,-0.136588446465306,0.80759646826532,-0.422911389711497,-1.90710747624096,0.755712908314791,1.1510869876677,0.844555470974377,0.7929439518176,0.370448092803246,-0.734975105820311,0.406795710431001,-0.303057623825763,-0.155868714793874,0.778265457041536,2.22186801373788,-1.58212204356551,1.15166304848789,0.222181966098225,1.02058620426601,0.0283166513238872,-0.232746324289105,-0.23555721754117,-0.16477751177654,-0.0301536365592253,58.8
c63d3b61-fab6-4560-8adf-8e0386a340bf,2026-04-04T01:55:12Z,0,1.10321543528383,-0.0402962145973447,1.2673320885949,1.28909146962552,-0.735997163604068,0.288069162976262,-0.586056786337461,0.189379713679593,0.782332891785191,-0.267975066537173,-0.450311279515466,0.936707714991982,0.708380406186981,-0.468647287707221,0.354574063407955,-0.246634655717582,-0.0092123777270738,-0.595912405700819,-0.57568162226261,-0.113910176982092,-0.0246120063374677,0.196001952806192,0.0138016541409422,0.103758331023198,0.364297540595235,-0.382260574113217,0.092809187460487,0.0370505169810008,12.99
18e7b03c-a635-4366-98a3-e776b44dda23,2026-04-04T01:55:12Z,0,-0.436905071360625,0.918966212909322,0.92459077438817,-0.727219053596792,0.915678718106307,-0.127867352079254,0.707641607333935,0.0879623554672504,-0.66527135413364,-0.737979823596458,0.32409781346169,0.277192107214981,0.252624256310781,-0.291896460370468,-0.184520169327133,1.14317370716197,-0.92870926272403,0.680469592634687,0.0254364616880793,-0.0470212823165035,-0.194795823794671,-0.672637997017793,-0.156857514491897,-0.888386320943716,-0.342413218776576,-0.049026728633951,0.0796923991551505,0.131023789452311,0.89
86af1304-44e5-4fa9-a1d8-90e76bc61b9b,2026-04-04T01:55:10Z,0,1.249998742053,-1.22163680921816,0.383930151282291,-1.23489868766892,-1.48541947377961,-0.753230164566149,-0.689404975426345,-0.227487227519552,-2.09401057344842,1.32372927445937,0.227666231237246,-0.242681998944186,1.20541680770748,-0.317630527025074,0.725674990179153,-0.815612186027305,0.873936447614439,-0.847788598847099,-0.683192626267037,-0.102755941505071,-0.231809239223849,-0.483285330117712,0.0846676908596583,0.392830885335013,0.161134553588505,-0.354990039673962,0.0264155490776107,0.0424220887282304,121.5
e632f7b3-9c8c-49a4-b99b-d0a1628e9523,2026-04-04T02:02:59Z,0,1.19185711131486,0.26615071205963,0.16648011335321,0.448154078460911,0.0600176492822243,-0.0823608088155687,-0.0788029833323113,0.0851016549148104,-0.255425128109186,-0.166974414004614,1.61272666105479,1.06523531137287,0.48909501589608,-0.143772296441519,0.635558093258208,0.463917041022171,-0.114804663102346,-0.183361270123994,-0.145783041325259,-0.0690831352230203,-0.225775248033138,-0.638671952771851,0.101288021253234,-0.339846475529127,0.167170404418143,0.125894532368176,-0.0089830991432281,0.0147241691924927,2.69
7299ce9f-db32-4d58-b9a8-84951d04869d,2026-04-04T02:03:02Z,0,-0.644269442348146,1.41796354547385,1.0743803763556,-0.492199018495015,0.948934094764157,0.428118462833089,1.12063135838353,-3.80786423873589,0.615374730667027,1.24937617815176,-0.619467796121913,0.291474353088705,1.75796421396042,-1.32386521970526,0.686132504394383,-0.0761269994382006,-1.2221273453247,-0.358221569869078,0.324504731321494,-0.156741852488285,1.94346533978412,-1.01545470979971,0.057503529867291,-0.649709005559993,-0.415266566234811,-0.0516342969262494,-1.20692108094258,-1.08533918832377,40.8
ad5ab0e8-7e92-4c12-90e1-43f8f5db9db4,2026-04-04T02:03:03Z,0,-0.89428608220282,0.286157196276544,-0.113192212729871,-0.271526130088604,2.6695986595986,3.72181806112751,0.370145127676916,0.851084443200905,-0.392047586798604,-0.410430432848439,-0.705116586646536,-0.110452261733098,-0.286253632470583,0.0743553603016731,-0.328783050303565,-0.210077268148783,-0.499767968800267,0.118764861004217,0.57032816746536,0.0527356691149697,-0.0734251001059225,-0.268091632235551,-0.204232669947878,1.0115918018785,0.373204680146282,-0.384157307702294,0.0117473564581996,0.14240432992147,93.2
83956258-08ae-4a55-a277-ef89aef51b9c,2026-04-04T02:03:04Z,0,0.38497821518095,0.616109459176472,-0.874299702595052,-0.0940186259679115,2.92458437838817,3.31702716826156,0.470454671805879,0.53824722837695,-0.558894612428441,0.30975539423728,-0.259115563735702,-0.326143233995877,-0.0900467227020648,0.362832368569793,0.928903660629178,-0.129486811402759,-0.809978925963589,0.359985390219981,0.70766382644648,0.12599157561542,0.049923685888971,0.238421512225103,0.0091298686126286,0.996710209581086,-0.767314827174801,-0.492208295340017,0.042472441919027,-0.0543373883732122,9.99
fff0c608-b879-4b59-9145-21cc9faf073f,2026-04-04T02:03:05Z,0,1.249998742053,-1.22163680921816,0.383930151282291,-1.23489868766892,-1.48541947377961,-0.753230164566149,-0.689404975426345,-0.227487227519552,-2.09401057344842,1.32372927445937,0.227666231237246,-0.242681998944186,1.20541680770748,-0.317630527025074,0.725674990179153,-0.815612186027305,0.873936447614439,-0.847788598847099,-0.683192626267037,-0.102755941505071,-0.231809239223849,-0.483285330117712,0.0846676908596583,0.392830885335013,0.161134553588505,-0.354990039673962,0.0264155490776107,0.0424220887282304,121.5
f075eab7-7dae-4824-a37e-8627ad542415,2026-04-04T02:03:05Z,0,1.0693735878819,0.287722129331455,0.828612726634281,2.71252042961718,-0.178398016248009,0.337543730282968,-0.0967168617395962,0.115981735546597,-0.221082566236194,0.460230444301678,-0.773656930526689,0.32338724546722,-0.0110758870883779,-0.178485175177916,-0.65556427824926,-0.19992517131173,0.1240054151819,-0.980496201537345,-0.982916082135047,-0.153197231044512,-0.0368755317335273,0.0744124028162195,-0.0714074332998586,0.104743752596029,0.548264725394119,0.104094153162781,0.0214910583643189,0.021293311477486,27.5
d34f5cb5-b195-46d4-ad28-d7b664e14bb6,2026-04-04T02:03:06Z,0,-2.7918547659339,-0.327770756658658,1.64175016056605,1.76747274389883,-0.136588446465306,0.80759646826532,-0.422911389711497,-1.90710747624096,0.755712908314791,1.1510869876677,0.844555470974377,0.7929439518176,0.370448092803246,-0.734975105820311,0.406795710431001,-0.303057623825763,-0.155868714793874,0.778265457041536,2.22186801373788,-1.58212204356551,1.15166304848789,0.222181966098225,1.02058620426601,0.0283166513238872,-0.232746324289105,-0.23555721754117,-0.16477751177654,-0.0301536365592253,58.8
a451f4a9-d13d-42c9-80e6-71f13dce0107,2026-04-04T02:02:59Z,0,-1.3598071336738,-0.0727811733098497,2.53634673796914,1.37815522427443,-0.338320769942518,0.462387777762292,0.239598554061257,0.0986979012610507,0.363786969611213,0.0907941719789316,-0.551599533260813,-0.617800855762348,-0.991389847235408,-0.311169353699879,1.46817697209427,-0.470400525259478,0.207971241929242,0.0257905801985591,0.403992960255733,0.251412098239705,-0.018306777944153,0.277837575558899,-0.110473910188767,0.0669280749146731,0.128539358273528,-0.189114843888824,0.133558376740387,-0.0210530534538215,149.62
01891bef-c766-497e-a704-e4ac59d045e1,2026-04-04T02:03:02Z,0,1.22965763450793,0.141003507049326,0.0453707735899449,1.20261273673594,0.191880988597645,0.272708122899098,-0.0051590028825098,0.0812129398830894,0.464959994783886,-0.0992543211289237,-1.41690724314928,-0.153825826253651,-0.75106271556262,0.16737196252175,0.0501435942254188,-0.443586797916727,0.002820512472347,-0.61198733994012,-0.0455750446637976,-0.21963255278686,-0.167716265815783,-0.270709726172363,-0.154103786809305,-0.780055415004671,0.75013693580659,-0.257236845917139,0.0345074297438413,0.0051677689062491,4.99
f334340f-1fce-4fc1-b59b-7f27e8d996a2,2026-04-04T02:03:04Z,0,1.44904378114715,-1.17633882535966,0.913859832832795,-1.37566665499943,-1.97138316545323,-0.62915213889734,-1.4232356010359,0.0484558879088564,-1.72040839292037,1.62665905834133,1.1996439495421,-0.671439778462005,-0.513947152539479,-0.0950450453999549,0.230930409124119,0.0319674667862076,0.253414715863197,0.854343814324194,-0.221365413645481,-0.387226474431156,-0.0093018965249005,0.313894410791098,0.0277401580170247,0.500512287104917,0.25136735874921,-0.129477953726618,0.0428498709381461,0.0162532619375515,7.8
fcba3328-74a3-4fc1-85bc-97da116838cc,2026-04-04T02:03:07Z,0,-0.436905071360625,0.918966212909322,0.92459077438817,-0.727219053596792,0.915678718106307,-0.127867352079254,0.707641607333935,0.0879623554672504,-0.66527135413364,-0.737979823596458,0.32409781346169,0.277192107214981,0.252624256310781,-0.291896460370468,-0.184520169327133,1.14317370716197,-0.92870926272403,0.680469592634687,0.0254364616880793,-0.0470212823165035,-0.194795823794671,-0.672637997017793,-0.156857514491897,-0.888386320943716,-0.342413218776576,-0.049026728633951,0.0796923991551505,0.131023789452311,0.89
7a2e08a5-d1e4-489f-a609-58fc4615c2ec,2026-04-04T02:03:08Z,0,1.4929359769862,-1.02934573189487,0.45479473374366,-1.43802587991702,-1.55543410136344,-0.720961147043557,-1.08066413038614,-0.0531271179483221,-1.9786815953872,1.63807603690446,1.07754241162743,-0.63204651464934,-0.41695716661602,0.0520105153724404,-0.0429789228232019,-0.166432496451972,0.304241418614353,0.554432499062278,0.0542295152184719,-0.387910172646258,-0.177649846438814,-0.175073809074822,0.0400022190621329,0.295813862676508,0.33293059939425,-0.220384850672322,0.0222984359135846,0.0076022555999789,5.0
751805cc-d7f4-49f5-987a-6ea0c4fb38c3,2026-04-04T02:03:00Z,0,-1.35835406159823,-1.34016307473609,1.77320934263119,0.379779593034328,-0.503198133318193,1.80049938079263,0.791460956450422,0.247675786588991,-1.51465432260583,0.207642865216696,0.624501459424895,0.066083685268831,0.717292731410831,-0.165945922763554,2.34586494901581,-2.89008319444231,1.10996937869599,-0.121359313195888,-2.26185709530414,0.524979725224404,0.247998153469754,0.771679401917229,0.909412262347719,-0.689280956490685,-0.327641833735251,-0.139096571514147,-0.0553527940384261,-0.0597518405929204,378.66
eb746616-2d88-418d-b032-aa96409bebe3,2026-04-04T02:03:01Z,0,-1.15823309349523,0.877736754848451,1.548717846511,0.403033933955121,-0.407193377311653,0.0959214624684256,0.592940745385545,-0.270532677192282,0.817739308235294,0.753074431976354,-0.822842877946363,0.53819555014995,1.3458515932154,-1.11966983471731,0.175121130008994,-0.451449182813529,-0.237033239362776,-0.0381947870352842,0.803486924960175,0.408542360392758,-0.0094306971323291,0.79827849458971,-0.137458079619063,0.141266983824769,-0.206009587619756,0.502292224181569,0.219422229513348,0.215153147499206,69.99
4b4387cf-75ef-4590-9962-a6f82ae22434,2026-04-04T02:03:01Z,0,-0.425965884412454,0.960523044882985,1.14110934232219,-0.168252079760302,0.42098688077219,-0.0297275516639742,0.476200948720027,0.260314333074874,-0.56867137571251,-0.371407196834471,1.34126198001957,0.359893837038039,-0.358090652573631,-0.137133700217612,0.517616806555742,0.401725895589603,-0.0581328233640131,0.0686531494425432,-0.0331937877876282,0.0849676720682049,-0.208253514656728,-0.559824796253248,-0.0263976679795373,-0.371426583174346,-0.232793816737034,0.105914779097957,0.253844224739337,0.0810802569229443,3.67
5c4d4b2f-fdb4-4c05-baca-31fb8a90f1ed,2026-04-04T02:03:06Z,0,-0.752417042956605,0.345485415344747,2.05732291276727,-1.46864329840046,-1.1583936804082,-0.0778498291166733,-0.608581418236123,0.0036034843620184,-0.436166983515744,0.747730827192802,-0.793980602837221,-0.770406728847129,1.04762699748088,-1.06660368148653,1.10695345662141,1.66011355713381,-0.279265373246772,-0.419994141181313,0.432535348618175,0.263450864446125,0.499624954671111,1.35365048557231,-0.256573280448308,-0.0650837078816517,-0.0391243535426488,-0.0870864732146962,-0.180997500092721,0.129394059390202,15.99
6fb8639b-09e7-4741-8bb7-44fac2ed69cd,2026-04-04T02:03:08Z,0,-5.40125766315825,-5.45014783420644,1.18630463143652,1.73623880012095,3.04910587764025,-1.76340557365201,-1.55973769907953,0.160841747266769,1.23308974041888,0.345172827050629,0.917229867699146,0.970116716069048,-0.266567764915222,-0.479129929276704,-0.526608502569153,0.47200411177674,-0.725480944982201,0.075081351540202,-0.406866573198217,-2.19684802485647,-0.503600328973703,0.984459785590244,2.45858857639219,0.0421188969891572,-0.481630823956716,-0.621272013713977,0.392053289557744,0.949594245504846,46.8
27e889a9-5750-4813-83a9-8b5d002021dd,2026-04-04T02:03:00Z,0,-0.966271711572087,-0.185226008082898,1.79299333957872,-0.863291275036453,-0.0103088796030823,1.24720316752486,0.23760893977178,0.377435874652262,-1.38702406270197,-0.0549519224713749,-0.226487263835401,0.178228225877303,0.507756869957169,-0.28792374549456,-0.631418117709045,-1.0596472454325,-0.684092786345479,1.96577500349538,-1.2326219700892,-0.208037781160366,-0.108300452035545,0.0052735967825345,-0.190320518742841,-1.17557533186321,0.647376034602038,-0.221928844458407,0.0627228487293033,0.0614576285006353,123.5
4443662f-202e-4888-ac81-c70f8e1274b2,2026-04-04T02:03:03Z,0,-0.33826175242575,1.11959337641566,1.04436655157316,-0.222187276738296,0.49936080649727,-0.24676110061991,0.651583206489972,0.0695385865186387,-0.736727316364109,-0.366845639206541,1.01761446783262,0.836389570307029,1.00684351373408,-0.443522816876142,0.150219101422635,0.739452777052119,-0.540979921943059,0.47667726004282,0.451772964394125,0.203711454727929,-0.246913936910008,-0.633752642406113,-0.12079408408185,-0.385049925313426,-0.0697330460416923,0.0941988339514961,0.246219304619926,0.0830756493473326,3.68
f3637ad4-34be-4a86-88d3-a5f0a0e38cb4,2026-04-04T02:03:07Z,0,1.10321543528383,-0.0402962145973447,1.2673320885949,1.28909146962552,-0.735997163604068,0.288069162976262,-0.586056786337461,0.189379713679593,0.782332891785191,-0.267975066537173,-0.450311279515466,0.936707714991982,0.708380406186981,-0.468647287707221,0.354574063407955,-0.246634655717582,-0.0092123777270738,-0.595912405700819,-0.57568162226261,-0.113910176982092,-0.0246120063374677,0.196001952806192,0.0138016541409422,0.103758331023198,0.364297540595235,-0.382260574113217,0.092809187460487,0.0370505169810008,12.99
